,C,Gamma,Degree,Accuracy,Std
0,1e-10,1.0,2.0,0.30909090909090914,0.1484539238050411
1,1e-10,1.0,3.0,0.09696969696969697,0.043703651823805936
2,1e-10,1.0,4.0,0.07272727272727272,0.019165319152535634
3,1e-10,1.0,5.0,0.06666666666666667,0.0
4,1e-10,1.0,6.0,0.0787878787878788,0.025712973861329
5,1e-10,0.0774263682681127,2.0,0.30909090909090914,0.1484539238050411
6,1e-10,0.0774263682681127,3.0,0.09696969696969697,0.043703651823805936
7,1e-10,0.0774263682681127,4.0,0.07272727272727272,0.019165319152535634
8,1e-10,0.0774263682681127,5.0,0.06666666666666667,0.0
9,1e-10,0.0774263682681127,6.0,0.06666666666666667,0.0
10,1e-10,0.005994842503189409,2.0,0.30909090909090914,0.1484539238050411
11,1e-10,0.005994842503189409,3.0,0.09696969696969697,0.043703651823805936
12,1e-10,0.005994842503189409,4.0,0.07272727272727272,0.019165319152535634
13,1e-10,0.005994842503189409,5.0,0.06666666666666667,0.0
14,1e-10,0.005994842503189409,6.0,0.06666666666666667,0.0
15,1e-10,0.00046415888336127773,2.0,0.3151515151515152,0.13952562949359196
16,1e-10,0.00046415888336127773,3.0,0.10909090909090909,0.04285495643554833
17,1e-10,0.00046415888336127773,4.0,0.15757575757575756,0.04285495643554833
18,1e-10,0.00046415888336127773,5.0,0.9575757575757577,0.042854956435548326
19,1e-10,0.00046415888336127773,6.0,0.890909090909091,0.12151477367129347
20,1e-10,3.5938136638046256e-05,2.0,0.4,0.17291324385075277
21,1e-10,3.5938136638046256e-05,3.0,0.9818181818181819,0.029690784761008216
22,1e-10,3.5938136638046256e-05,4.0,0.9090909090909091,0.09958591954639384
23,1e-10,3.5938136638046256e-05,5.0,0.9575757575757577,0.042854956435548326
24,1e-10,3.5938136638046256e-05,6.0,0.890909090909091,0.12151477367129347
25,1e-10,2.782559402207126e-06,2.0,0.9333333333333335,0.0984731927834662
26,1e-10,2.782559402207126e-06,3.0,0.9818181818181819,0.029690784761008216
27,1e-10,2.782559402207126e-06,4.0,0.9090909090909091,0.09958591954639384
28,1e-10,2.782559402207126e-06,5.0,0.9575757575757577,0.042854956435548326
29,1e-10,2.782559402207126e-06,6.0,0.890909090909091,0.12151477367129347
30,1e-10,2.1544346900318822e-07,2.0,0.9333333333333335,0.0984731927834662
31,1e-10,2.1544346900318822e-07,3.0,0.9818181818181819,0.029690784761008216
32,1e-10,2.1544346900318822e-07,4.0,0.9090909090909091,0.09958591954639384
33,1e-10,2.1544346900318822e-07,5.0,0.9575757575757577,0.042854956435548326
34,1e-10,2.1544346900318822e-07,6.0,0.890909090909091,0.12151477367129347
35,1e-10,1.6681005372000556e-08,2.0,0.9333333333333335,0.0984731927834662
36,1e-10,1.6681005372000556e-08,3.0,0.9818181818181819,0.029690784761008216
37,1e-10,1.6681005372000556e-08,4.0,0.9090909090909091,0.09958591954639384
38,1e-10,1.6681005372000556e-08,5.0,0.9575757575757577,0.042854956435548326
39,1e-10,1.6681005372000556e-08,6.0,0.890909090909091,0.12151477367129347
40,1e-10,1.2915496650148826e-09,2.0,0.9333333333333335,0.0984731927834662
41,1e-10,1.2915496650148826e-09,3.0,0.9818181818181819,0.029690784761008216
42,1e-10,1.2915496650148826e-09,4.0,0.9090909090909091,0.09958591954639384
43,1e-10,1.2915496650148826e-09,5.0,0.9575757575757577,0.042854956435548326
44,1e-10,1.2915496650148826e-09,6.0,0.890909090909091,0.12151477367129347
45,1e-10,1e-10,2.0,0.9333333333333335,0.0984731927834662
46,1e-10,1e-10,3.0,0.9818181818181819,0.029690784761008216
47,1e-10,1e-10,4.0,0.9090909090909091,0.09958591954639384
48,1e-10,1e-10,5.0,0.9575757575757577,0.042854956435548326
49,1e-10,1e-10,6.0,0.890909090909091,0.12151477367129347
50,1.6681005372000592e-08,1.0,2.0,0.30909090909090914,0.1484539238050411
51,1.6681005372000592e-08,1.0,3.0,0.09696969696969697,0.043703651823805936
52,1.6681005372000592e-08,1.0,4.0,0.07272727272727272,0.019165319152535634
53,1.6681005372000592e-08,1.0,5.0,0.2545454545454546,0.19030689052251615
54,1.6681005372000592e-08,1.0,6.0,0.3333333333333333,0.23094010767585033
55,1.6681005372000592e-08,0.0774263682681127,2.0,0.30909090909090914,0.1484539238050411
56,1.6681005372000592e-08,0.0774263682681127,3.0,0.09696969696969697,0.043703651823805936
57,1.6681005372000592e-08,0.0774263682681127,4.0,0.07272727272727272,0.019165319152535634
58,1.6681005372000592e-08,0.0774263682681127,5.0,0.06666666666666667,0.0
59,1.6681005372000592e-08,0.0774263682681127,6.0,0.06666666666666667,0.0
60,1.6681005372000592e-08,0.005994842503189409,2.0,0.30909090909090914,0.1484539238050411
61,1.6681005372000592e-08,0.005994842503189409,3.0,0.09696969696969697,0.043703651823805936
62,1.6681005372000592e-08,0.005994842503189409,4.0,0.07272727272727272,0.019165319152535634
63,1.6681005372000592e-08,0.005994842503189409,5.0,0.06666666666666667,0.0
64,1.6681005372000592e-08,0.005994842503189409,6.0,0.06666666666666667,0.0
65,1.6681005372000592e-08,0.00046415888336127773,2.0,0.30909090909090914,0.1484539238050411
66,1.6681005372000592e-08,0.00046415888336127773,3.0,0.09696969696969697,0.043703651823805936
67,1.6681005372000592e-08,0.00046415888336127773,4.0,0.07272727272727272,0.019165319152535634
68,1.6681005372000592e-08,0.00046415888336127773,5.0,0.0787878787878788,0.025712973861329
69,1.6681005372000592e-08,0.00046415888336127773,6.0,0.5878787878787878,0.05554637206007078
70,1.6681005372000592e-08,3.5938136638046256e-05,2.0,0.3151515151515152,0.13952562949359196
71,1.6681005372000592e-08,3.5938136638046256e-05,3.0,0.20606060606060606,0.05999693900976767
72,1.6681005372000592e-08,3.5938136638046256e-05,4.0,0.9090909090909091,0.09958591954639384
73,1.6681005372000592e-08,3.5938136638046256e-05,5.0,0.9575757575757577,0.042854956435548326
74,1.6681005372000592e-08,3.5938136638046256e-05,6.0,0.890909090909091,0.12151477367129347
75,1.6681005372000592e-08,2.782559402207126e-06,2.0,0.4,0.17291324385075277
76,1.6681005372000592e-08,2.782559402207126e-06,3.0,0.9818181818181819,0.029690784761008216
77,1.6681005372000592e-08,2.782559402207126e-06,4.0,0.9090909090909091,0.09958591954639384
78,1.6681005372000592e-08,2.782559402207126e-06,5.0,0.9575757575757577,0.042854956435548326
79,1.6681005372000592e-08,2.782559402207126e-06,6.0,0.890909090909091,0.12151477367129347
80,1.6681005372000592e-08,2.1544346900318822e-07,2.0,0.9333333333333335,0.0984731927834662
81,1.6681005372000592e-08,2.1544346900318822e-07,3.0,0.9818181818181819,0.029690784761008216
82,1.6681005372000592e-08,2.1544346900318822e-07,4.0,0.9090909090909091,0.09958591954639384
83,1.6681005372000592e-08,2.1544346900318822e-07,5.0,0.9575757575757577,0.042854956435548326
84,1.6681005372000592e-08,2.1544346900318822e-07,6.0,0.890909090909091,0.12151477367129347
85,1.6681005372000592e-08,1.6681005372000556e-08,2.0,0.9333333333333335,0.0984731927834662
86,1.6681005372000592e-08,1.6681005372000556e-08,3.0,0.9818181818181819,0.029690784761008216
87,1.6681005372000592e-08,1.6681005372000556e-08,4.0,0.9090909090909091,0.09958591954639384
88,1.6681005372000592e-08,1.6681005372000556e-08,5.0,0.9575757575757577,0.042854956435548326
89,1.6681005372000592e-08,1.6681005372000556e-08,6.0,0.890909090909091,0.12151477367129347
90,1.6681005372000592e-08,1.2915496650148826e-09,2.0,0.9333333333333335,0.0984731927834662
91,1.6681005372000592e-08,1.2915496650148826e-09,3.0,0.9818181818181819,0.029690784761008216
92,1.6681005372000592e-08,1.2915496650148826e-09,4.0,0.9090909090909091,0.09958591954639384
93,1.6681005372000592e-08,1.2915496650148826e-09,5.0,0.9575757575757577,0.042854956435548326
94,1.6681005372000592e-08,1.2915496650148826e-09,6.0,0.890909090909091,0.12151477367129347
95,1.6681005372000592e-08,1e-10,2.0,0.9333333333333335,0.0984731927834662
96,1.6681005372000592e-08,1e-10,3.0,0.9818181818181819,0.029690784761008216
97,1.6681005372000592e-08,1e-10,4.0,0.9090909090909091,0.09958591954639384
98,1.6681005372000592e-08,1e-10,5.0,0.9575757575757577,0.042854956435548326
99,1.6681005372000592e-08,1e-10,6.0,0.890909090909091,0.12151477367129347
100,2.782559402207126e-06,1.0,2.0,0.30909090909090914,0.1484539238050411
101,2.782559402207126e-06,1.0,3.0,0.09696969696969697,0.043703651823805936
102,2.782559402207126e-06,1.0,4.0,0.496969696969697,0.2595468255195619
103,2.782559402207126e-06,1.0,5.0,0.37575757575757573,0.25627120620443605
104,2.782559402207126e-06,1.0,6.0,0.3333333333333333,0.23094010767585033
105,2.782559402207126e-06,0.0774263682681127,2.0,0.30909090909090914,0.1484539238050411
106,2.782559402207126e-06,0.0774263682681127,3.0,0.09696969696969697,0.043703651823805936
107,2.782559402207126e-06,0.0774263682681127,4.0,0.07272727272727272,0.019165319152535634
108,2.782559402207126e-06,0.0774263682681127,5.0,0.06666666666666667,0.0
109,2.782559402207126e-06,0.0774263682681127,6.0,0.06666666666666667,0.0
110,2.782559402207126e-06,0.005994842503189409,2.0,0.30909090909090914,0.1484539238050411
111,2.782559402207126e-06,0.005994842503189409,3.0,0.09696969696969697,0.043703651823805936
112,2.782559402207126e-06,0.005994842503189409,4.0,0.07272727272727272,0.019165319152535634
113,2.782559402207126e-06,0.005994842503189409,5.0,0.06666666666666667,0.0
114,2.782559402207126e-06,0.005994842503189409,6.0,0.06666666666666667,0.0
115,2.782559402207126e-06,0.00046415888336127773,2.0,0.30909090909090914,0.1484539238050411
116,2.782559402207126e-06,0.00046415888336127773,3.0,0.09696969696969697,0.043703651823805936
117,2.782559402207126e-06,0.00046415888336127773,4.0,0.07272727272727272,0.019165319152535634
118,2.782559402207126e-06,0.00046415888336127773,5.0,0.06666666666666667,0.0
119,2.782559402207126e-06,0.00046415888336127773,6.0,0.07272727272727272,0.019165319152535634
120,2.782559402207126e-06,3.5938136638046256e-05,2.0,0.30909090909090914,0.1484539238050411
121,2.782559402207126e-06,3.5938136638046256e-05,3.0,0.09696969696969697,0.043703651823805936
122,2.782559402207126e-06,3.5938136638046256e-05,4.0,0.15757575757575756,0.04285495643554833
123,2.782559402207126e-06,3.5938136638046256e-05,5.0,0.9575757575757577,0.042854956435548326
124,2.782559402207126e-06,3.5938136638046256e-05,6.0,0.890909090909091,0.12151477367129347
125,2.782559402207126e-06,2.782559402207126e-06,2.0,0.3151515151515152,0.13952562949359196
126,2.782559402207126e-06,2.782559402207126e-06,3.0,0.8666666666666668,0.028426762180748053
127,2.782559402207126e-06,2.782559402207126e-06,4.0,0.9090909090909091,0.09958591954639384
128,2.782559402207126e-06,2.782559402207126e-06,5.0,0.9575757575757577,0.042854956435548326
129,2.782559402207126e-06,2.782559402207126e-06,6.0,0.890909090909091,0.12151477367129347
130,2.782559402207126e-06,2.1544346900318822e-07,2.0,0.4,0.17291324385075277
131,2.782559402207126e-06,2.1544346900318822e-07,3.0,0.9818181818181819,0.029690784761008216
132,2.782559402207126e-06,2.1544346900318822e-07,4.0,0.9090909090909091,0.09958591954639384
133,2.782559402207126e-06,2.1544346900318822e-07,5.0,0.9575757575757577,0.042854956435548326
134,2.782559402207126e-06,2.1544346900318822e-07,6.0,0.890909090909091,0.12151477367129347
135,2.782559402207126e-06,1.6681005372000556e-08,2.0,0.9333333333333335,0.0984731927834662
136,2.782559402207126e-06,1.6681005372000556e-08,3.0,0.9818181818181819,0.029690784761008216
137,2.782559402207126e-06,1.6681005372000556e-08,4.0,0.9090909090909091,0.09958591954639384
138,2.782559402207126e-06,1.6681005372000556e-08,5.0,0.9575757575757577,0.042854956435548326
139,2.782559402207126e-06,1.6681005372000556e-08,6.0,0.890909090909091,0.12151477367129347
140,2.782559402207126e-06,1.2915496650148826e-09,2.0,0.9333333333333335,0.0984731927834662
141,2.782559402207126e-06,1.2915496650148826e-09,3.0,0.9818181818181819,0.029690784761008216
142,2.782559402207126e-06,1.2915496650148826e-09,4.0,0.9090909090909091,0.09958591954639384
143,2.782559402207126e-06,1.2915496650148826e-09,5.0,0.9575757575757577,0.042854956435548326
144,2.782559402207126e-06,1.2915496650148826e-09,6.0,0.890909090909091,0.12151477367129347
145,2.782559402207126e-06,1e-10,2.0,0.9333333333333335,0.0984731927834662
146,2.782559402207126e-06,1e-10,3.0,0.9818181818181819,0.029690784761008216
147,2.782559402207126e-06,1e-10,4.0,0.9090909090909091,0.09958591954639384
148,2.782559402207126e-06,1e-10,5.0,0.9575757575757577,0.042854956435548326
149,2.782559402207126e-06,1e-10,6.0,0.890909090909091,0.12151477367129347
150,0.0004641588833612782,1.0,2.0,0.8303030303030302,0.16663911618021235
151,0.0004641588833612782,1.0,3.0,0.6606060606060606,0.24029366789816978
152,0.0004641588833612782,1.0,4.0,0.4848484848484848,0.2622219109428356
153,0.0004641588833612782,1.0,5.0,0.37575757575757573,0.25627120620443605
154,0.0004641588833612782,1.0,6.0,0.3333333333333333,0.23094010767585033
155,0.0004641588833612782,0.0774263682681127,2.0,0.30909090909090914,0.1484539238050411
156,0.0004641588833612782,0.0774263682681127,3.0,0.09696969696969697,0.043703651823805936
157,0.0004641588833612782,0.0774263682681127,4.0,0.07272727272727272,0.019165319152535634
158,0.0004641588833612782,0.0774263682681127,5.0,0.06666666666666667,0.0
159,0.0004641588833612782,0.0774263682681127,6.0,0.0787878787878788,0.025712973861329
160,0.0004641588833612782,0.005994842503189409,2.0,0.30909090909090914,0.1484539238050411
161,0.0004641588833612782,0.005994842503189409,3.0,0.09696969696969697,0.043703651823805936
162,0.0004641588833612782,0.005994842503189409,4.0,0.07272727272727272,0.019165319152535634
163,0.0004641588833612782,0.005994842503189409,5.0,0.06666666666666667,0.0
164,0.0004641588833612782,0.005994842503189409,6.0,0.06666666666666667,0.0
165,0.0004641588833612782,0.00046415888336127773,2.0,0.30909090909090914,0.1484539238050411
166,0.0004641588833612782,0.00046415888336127773,3.0,0.09696969696969697,0.043703651823805936
167,0.0004641588833612782,0.00046415888336127773,4.0,0.07272727272727272,0.019165319152535634
168,0.0004641588833612782,0.00046415888336127773,5.0,0.06666666666666667,0.0
169,0.0004641588833612782,0.00046415888336127773,6.0,0.06666666666666667,0.0
170,0.0004641588833612782,3.5938136638046256e-05,2.0,0.30909090909090914,0.1484539238050411
171,0.0004641588833612782,3.5938136638046256e-05,3.0,0.09696969696969697,0.043703651823805936
172,0.0004641588833612782,3.5938136638046256e-05,4.0,0.07272727272727272,0.019165319152535634
173,0.0004641588833612782,3.5938136638046256e-05,5.0,0.36363636363636365,0.052135304648743205
174,0.0004641588833612782,3.5938136638046256e-05,6.0,0.890909090909091,0.12151477367129347
175,0.0004641588833612782,2.782559402207126e-06,2.0,0.30909090909090914,0.1484539238050411
176,0.0004641588833612782,2.782559402207126e-06,3.0,0.10909090909090909,0.04285495643554833
177,0.0004641588833612782,2.782559402207126e-06,4.0,0.9090909090909091,0.09958591954639384
178,0.0004641588833612782,2.782559402207126e-06,5.0,0.9575757575757577,0.042854956435548326
179,0.0004641588833612782,2.782559402207126e-06,6.0,0.890909090909091,0.12151477367129347
180,0.0004641588833612782,2.1544346900318822e-07,2.0,0.3151515151515152,0.13952562949359196
181,0.0004641588833612782,2.1544346900318822e-07,3.0,0.9818181818181819,0.029690784761008216
182,0.0004641588833612782,2.1544346900318822e-07,4.0,0.9090909090909091,0.09958591954639384
183,0.0004641588833612782,2.1544346900318822e-07,5.0,0.9575757575757577,0.042854956435548326
184,0.0004641588833612782,2.1544346900318822e-07,6.0,0.890909090909091,0.12151477367129347
185,0.0004641588833612782,1.6681005372000556e-08,2.0,0.4,0.17291324385075277
186,0.0004641588833612782,1.6681005372000556e-08,3.0,0.9818181818181819,0.029690784761008216
187,0.0004641588833612782,1.6681005372000556e-08,4.0,0.9090909090909091,0.09958591954639384
188,0.0004641588833612782,1.6681005372000556e-08,5.0,0.9575757575757577,0.042854956435548326
189,0.0004641588833612782,1.6681005372000556e-08,6.0,0.890909090909091,0.12151477367129347
190,0.0004641588833612782,1.2915496650148826e-09,2.0,0.9333333333333335,0.0984731927834662
191,0.0004641588833612782,1.2915496650148826e-09,3.0,0.9818181818181819,0.029690784761008216
192,0.0004641588833612782,1.2915496650148826e-09,4.0,0.9090909090909091,0.09958591954639384
193,0.0004641588833612782,1.2915496650148826e-09,5.0,0.9575757575757577,0.042854956435548326
194,0.0004641588833612782,1.2915496650148826e-09,6.0,0.890909090909091,0.12151477367129347
195,0.0004641588833612782,1e-10,2.0,0.9333333333333335,0.0984731927834662
196,0.0004641588833612782,1e-10,3.0,0.9818181818181819,0.029690784761008216
197,0.0004641588833612782,1e-10,4.0,0.9090909090909091,0.09958591954639384
198,0.0004641588833612782,1e-10,5.0,0.9575757575757577,0.042854956435548326
199,0.0004641588833612782,1e-10,6.0,0.890909090909091,0.12151477367129347
200,0.07742636826811278,1.0,2.0,0.8303030303030304,0.18719327529067276
201,0.07742636826811278,1.0,3.0,0.6606060606060606,0.24029366789816978
202,0.07742636826811278,1.0,4.0,0.4848484848484848,0.2622219109428356
203,0.07742636826811278,1.0,5.0,0.37575757575757573,0.25627120620443605
204,0.07742636826811278,1.0,6.0,0.3333333333333333,0.23094010767585033
205,0.07742636826811278,0.0774263682681127,2.0,0.8303030303030302,0.16663911618021235
206,0.07742636826811278,0.0774263682681127,3.0,0.6727272727272727,0.24692786409046497
207,0.07742636826811278,0.0774263682681127,4.0,0.496969696969697,0.2595468255195619
208,0.07742636826811278,0.0774263682681127,5.0,0.3878787878787879,0.24257571025684244
209,0.07742636826811278,0.0774263682681127,6.0,0.3333333333333333,0.23094010767585033
210,0.07742636826811278,0.005994842503189409,2.0,0.30909090909090914,0.1484539238050411
211,0.07742636826811278,0.005994842503189409,3.0,0.09696969696969697,0.043703651823805936
212,0.07742636826811278,0.005994842503189409,4.0,0.07272727272727272,0.019165319152535634
213,0.07742636826811278,0.005994842503189409,5.0,0.06666666666666667,0.0
214,0.07742636826811278,0.005994842503189409,6.0,0.06666666666666667,0.0
215,0.07742636826811278,0.00046415888336127773,2.0,0.30909090909090914,0.1484539238050411
216,0.07742636826811278,0.00046415888336127773,3.0,0.09696969696969697,0.043703651823805936
217,0.07742636826811278,0.00046415888336127773,4.0,0.07272727272727272,0.019165319152535634
218,0.07742636826811278,0.00046415888336127773,5.0,0.06666666666666667,0.0
219,0.07742636826811278,0.00046415888336127773,6.0,0.06666666666666667,0.0
220,0.07742636826811278,3.5938136638046256e-05,2.0,0.30909090909090914,0.1484539238050411
221,0.07742636826811278,3.5938136638046256e-05,3.0,0.09696969696969697,0.043703651823805936
222,0.07742636826811278,3.5938136638046256e-05,4.0,0.07272727272727272,0.019165319152535634
223,0.07742636826811278,3.5938136638046256e-05,5.0,0.06666666666666667,0.0
224,0.07742636826811278,3.5938136638046256e-05,6.0,0.5878787878787878,0.05554637206007078
225,0.07742636826811278,2.782559402207126e-06,2.0,0.30909090909090914,0.1484539238050411
226,0.07742636826811278,2.782559402207126e-06,3.0,0.09696969696969697,0.043703651823805936
227,0.07742636826811278,2.782559402207126e-06,4.0,0.15757575757575756,0.04285495643554833
228,0.07742636826811278,2.782559402207126e-06,5.0,0.9575757575757577,0.042854956435548326
229,0.07742636826811278,2.782559402207126e-06,6.0,0.890909090909091,0.12151477367129347
230,0.07742636826811278,2.1544346900318822e-07,2.0,0.30909090909090914,0.1484539238050411
231,0.07742636826811278,2.1544346900318822e-07,3.0,0.20606060606060606,0.05999693900976767
232,0.07742636826811278,2.1544346900318822e-07,4.0,0.9090909090909091,0.09958591954639384
233,0.07742636826811278,2.1544346900318822e-07,5.0,0.9575757575757577,0.042854956435548326
234,0.07742636826811278,2.1544346900318822e-07,6.0,0.890909090909091,0.12151477367129347
235,0.07742636826811278,1.6681005372000556e-08,2.0,0.3151515151515152,0.13952562949359196
236,0.07742636826811278,1.6681005372000556e-08,3.0,0.9818181818181819,0.029690784761008216
237,0.07742636826811278,1.6681005372000556e-08,4.0,0.9090909090909091,0.09958591954639384
238,0.07742636826811278,1.6681005372000556e-08,5.0,0.9575757575757577,0.042854956435548326
239,0.07742636826811278,1.6681005372000556e-08,6.0,0.890909090909091,0.12151477367129347
240,0.07742636826811278,1.2915496650148826e-09,2.0,0.4,0.17291324385075277
241,0.07742636826811278,1.2915496650148826e-09,3.0,0.9818181818181819,0.029690784761008216
242,0.07742636826811278,1.2915496650148826e-09,4.0,0.9090909090909091,0.09958591954639384
243,0.07742636826811278,1.2915496650148826e-09,5.0,0.9575757575757577,0.042854956435548326
244,0.07742636826811278,1.2915496650148826e-09,6.0,0.890909090909091,0.12151477367129347
245,0.07742636826811278,1e-10,2.0,0.9333333333333335,0.0984731927834662
246,0.07742636826811278,1e-10,3.0,0.9818181818181819,0.029690784761008216
247,0.07742636826811278,1e-10,4.0,0.9090909090909091,0.09958591954639384
248,0.07742636826811278,1e-10,5.0,0.9575757575757577,0.042854956435548326
249,0.07742636826811278,1e-10,6.0,0.890909090909091,0.12151477367129347
250,12.915496650148826,1.0,2.0,0.8303030303030304,0.18719327529067276
251,12.915496650148826,1.0,3.0,0.6606060606060606,0.24029366789816978
252,12.915496650148826,1.0,4.0,0.4848484848484848,0.2622219109428356
253,12.915496650148826,1.0,5.0,0.37575757575757573,0.25627120620443605
254,12.915496650148826,1.0,6.0,0.3333333333333333,0.23094010767585033
255,12.915496650148826,0.0774263682681127,2.0,0.8303030303030304,0.18719327529067276
256,12.915496650148826,0.0774263682681127,3.0,0.6606060606060606,0.24029366789816978
257,12.915496650148826,0.0774263682681127,4.0,0.4848484848484848,0.2622219109428356
258,12.915496650148826,0.0774263682681127,5.0,0.37575757575757573,0.25627120620443605
259,12.915496650148826,0.0774263682681127,6.0,0.3333333333333333,0.23094010767585033
260,12.915496650148826,0.005994842503189409,2.0,0.8303030303030302,0.16663911618021235
261,12.915496650148826,0.005994842503189409,3.0,0.09696969696969697,0.043703651823805936
262,12.915496650148826,0.005994842503189409,4.0,0.07272727272727272,0.019165319152535634
263,12.915496650148826,0.005994842503189409,5.0,0.06666666666666667,0.0
264,12.915496650148826,0.005994842503189409,6.0,0.06666666666666667,0.0
265,12.915496650148826,0.00046415888336127773,2.0,0.30909090909090914,0.1484539238050411
266,12.915496650148826,0.00046415888336127773,3.0,0.09696969696969697,0.043703651823805936
267,12.915496650148826,0.00046415888336127773,4.0,0.07272727272727272,0.019165319152535634
268,12.915496650148826,0.00046415888336127773,5.0,0.06666666666666667,0.0
269,12.915496650148826,0.00046415888336127773,6.0,0.06666666666666667,0.0
270,12.915496650148826,3.5938136638046256e-05,2.0,0.30909090909090914,0.1484539238050411
271,12.915496650148826,3.5938136638046256e-05,3.0,0.09696969696969697,0.043703651823805936
272,12.915496650148826,3.5938136638046256e-05,4.0,0.07272727272727272,0.019165319152535634
273,12.915496650148826,3.5938136638046256e-05,5.0,0.06666666666666667,0.0
274,12.915496650148826,3.5938136638046256e-05,6.0,0.07272727272727272,0.019165319152535634
275,12.915496650148826,2.782559402207126e-06,2.0,0.30909090909090914,0.1484539238050411
276,12.915496650148826,2.782559402207126e-06,3.0,0.09696969696969697,0.043703651823805936
277,12.915496650148826,2.782559402207126e-06,4.0,0.07272727272727272,0.019165319152535634
278,12.915496650148826,2.782559402207126e-06,5.0,0.9575757575757577,0.042854956435548326
279,12.915496650148826,2.782559402207126e-06,6.0,0.890909090909091,0.12151477367129347
280,12.915496650148826,2.1544346900318822e-07,2.0,0.30909090909090914,0.1484539238050411
281,12.915496650148826,2.1544346900318822e-07,3.0,0.09696969696969697,0.043703651823805936
282,12.915496650148826,2.1544346900318822e-07,4.0,0.9090909090909091,0.09958591954639384
283,12.915496650148826,2.1544346900318822e-07,5.0,0.9575757575757577,0.042854956435548326
284,12.915496650148826,2.1544346900318822e-07,6.0,0.890909090909091,0.12151477367129347
285,12.915496650148826,1.6681005372000556e-08,2.0,0.30909090909090914,0.1484539238050411
286,12.915496650148826,1.6681005372000556e-08,3.0,0.8666666666666668,0.028426762180748053
287,12.915496650148826,1.6681005372000556e-08,4.0,0.9090909090909091,0.09958591954639384
288,12.915496650148826,1.6681005372000556e-08,5.0,0.9575757575757577,0.042854956435548326
289,12.915496650148826,1.6681005372000556e-08,6.0,0.890909090909091,0.12151477367129347
290,12.915496650148826,1.2915496650148826e-09,2.0,0.3151515151515152,0.13952562949359196
291,12.915496650148826,1.2915496650148826e-09,3.0,0.9818181818181819,0.029690784761008216
292,12.915496650148826,1.2915496650148826e-09,4.0,0.9090909090909091,0.09958591954639384
293,12.915496650148826,1.2915496650148826e-09,5.0,0.9575757575757577,0.042854956435548326
294,12.915496650148826,1.2915496650148826e-09,6.0,0.890909090909091,0.12151477367129347
295,12.915496650148826,1e-10,2.0,0.4,0.17291324385075277
296,12.915496650148826,1e-10,3.0,0.9818181818181819,0.029690784761008216
297,12.915496650148826,1e-10,4.0,0.9090909090909091,0.09958591954639384
298,12.915496650148826,1e-10,5.0,0.9575757575757577,0.042854956435548326
299,12.915496650148826,1e-10,6.0,0.890909090909091,0.12151477367129347
300,2154.4346900318865,1.0,2.0,0.8303030303030304,0.18719327529067276
301,2154.4346900318865,1.0,3.0,0.6606060606060606,0.24029366789816978
302,2154.4346900318865,1.0,4.0,0.4848484848484848,0.2622219109428356
303,2154.4346900318865,1.0,5.0,0.37575757575757573,0.25627120620443605
304,2154.4346900318865,1.0,6.0,0.3333333333333333,0.23094010767585033
305,2154.4346900318865,0.0774263682681127,2.0,0.8303030303030304,0.18719327529067276
306,2154.4346900318865,0.0774263682681127,3.0,0.6606060606060606,0.24029366789816978
307,2154.4346900318865,0.0774263682681127,4.0,0.4848484848484848,0.2622219109428356
308,2154.4346900318865,0.0774263682681127,5.0,0.37575757575757573,0.25627120620443605
309,2154.4346900318865,0.0774263682681127,6.0,0.3333333333333333,0.23094010767585033
310,2154.4346900318865,0.005994842503189409,2.0,0.8303030303030304,0.18719327529067276
311,2154.4346900318865,0.005994842503189409,3.0,0.6606060606060606,0.24029366789816978
312,2154.4346900318865,0.005994842503189409,4.0,0.496969696969697,0.2595468255195619
313,2154.4346900318865,0.005994842503189409,5.0,0.2545454545454546,0.19030689052251615
314,2154.4346900318865,0.005994842503189409,6.0,0.0787878787878788,0.025712973861329
315,2154.4346900318865,0.00046415888336127773,2.0,0.8303030303030302,0.16663911618021235
316,2154.4346900318865,0.00046415888336127773,3.0,0.09696969696969697,0.043703651823805936
317,2154.4346900318865,0.00046415888336127773,4.0,0.07272727272727272,0.019165319152535634
318,2154.4346900318865,0.00046415888336127773,5.0,0.06666666666666667,0.0
319,2154.4346900318865,0.00046415888336127773,6.0,0.06666666666666667,0.0
320,2154.4346900318865,3.5938136638046256e-05,2.0,0.30909090909090914,0.1484539238050411
321,2154.4346900318865,3.5938136638046256e-05,3.0,0.09696969696969697,0.043703651823805936
322,2154.4346900318865,3.5938136638046256e-05,4.0,0.07272727272727272,0.019165319152535634
323,2154.4346900318865,3.5938136638046256e-05,5.0,0.06666666666666667,0.0
324,2154.4346900318865,3.5938136638046256e-05,6.0,0.06666666666666667,0.0
325,2154.4346900318865,2.782559402207126e-06,2.0,0.30909090909090914,0.1484539238050411
326,2154.4346900318865,2.782559402207126e-06,3.0,0.09696969696969697,0.043703651823805936
327,2154.4346900318865,2.782559402207126e-06,4.0,0.07272727272727272,0.019165319152535634
328,2154.4346900318865,2.782559402207126e-06,5.0,0.0787878787878788,0.025712973861329
329,2154.4346900318865,2.782559402207126e-06,6.0,0.890909090909091,0.12151477367129347
330,2154.4346900318865,2.1544346900318822e-07,2.0,0.30909090909090914,0.1484539238050411
331,2154.4346900318865,2.1544346900318822e-07,3.0,0.09696969696969697,0.043703651823805936
332,2154.4346900318865,2.1544346900318822e-07,4.0,0.15757575757575756,0.04285495643554833
333,2154.4346900318865,2.1544346900318822e-07,5.0,0.9575757575757577,0.042854956435548326
334,2154.4346900318865,2.1544346900318822e-07,6.0,0.890909090909091,0.12151477367129347
335,2154.4346900318865,1.6681005372000556e-08,2.0,0.30909090909090914,0.1484539238050411
336,2154.4346900318865,1.6681005372000556e-08,3.0,0.10909090909090909,0.04285495643554833
337,2154.4346900318865,1.6681005372000556e-08,4.0,0.9090909090909091,0.09958591954639384
338,2154.4346900318865,1.6681005372000556e-08,5.0,0.9575757575757577,0.042854956435548326
339,2154.4346900318865,1.6681005372000556e-08,6.0,0.890909090909091,0.12151477367129347
340,2154.4346900318865,1.2915496650148826e-09,2.0,0.30909090909090914,0.1484539238050411
341,2154.4346900318865,1.2915496650148826e-09,3.0,0.9818181818181819,0.029690784761008216
342,2154.4346900318865,1.2915496650148826e-09,4.0,0.9090909090909091,0.09958591954639384
343,2154.4346900318865,1.2915496650148826e-09,5.0,0.9575757575757577,0.042854956435548326
344,2154.4346900318865,1.2915496650148826e-09,6.0,0.890909090909091,0.12151477367129347
345,2154.4346900318865,1e-10,2.0,0.3151515151515152,0.13952562949359196
346,2154.4346900318865,1e-10,3.0,0.9818181818181819,0.029690784761008216
347,2154.4346900318865,1e-10,4.0,0.9090909090909091,0.09958591954639384
348,2154.4346900318865,1e-10,5.0,0.9575757575757577,0.042854956435548326
349,2154.4346900318865,1e-10,6.0,0.890909090909091,0.12151477367129347
350,359381.36638046405,1.0,2.0,0.8303030303030304,0.18719327529067276
351,359381.36638046405,1.0,3.0,0.6606060606060606,0.24029366789816978
352,359381.36638046405,1.0,4.0,0.4848484848484848,0.2622219109428356
353,359381.36638046405,1.0,5.0,0.37575757575757573,0.25627120620443605
354,359381.36638046405,1.0,6.0,0.3333333333333333,0.23094010767585033
355,359381.36638046405,0.0774263682681127,2.0,0.8303030303030304,0.18719327529067276
356,359381.36638046405,0.0774263682681127,3.0,0.6606060606060606,0.24029366789816978
357,359381.36638046405,0.0774263682681127,4.0,0.4848484848484848,0.2622219109428356
358,359381.36638046405,0.0774263682681127,5.0,0.37575757575757573,0.25627120620443605
359,359381.36638046405,0.0774263682681127,6.0,0.3333333333333333,0.23094010767585033
360,359381.36638046405,0.005994842503189409,2.0,0.8303030303030304,0.18719327529067276
361,359381.36638046405,0.005994842503189409,3.0,0.6606060606060606,0.24029366789816978
362,359381.36638046405,0.005994842503189409,4.0,0.4848484848484848,0.2622219109428356
363,359381.36638046405,0.005994842503189409,5.0,0.37575757575757573,0.25627120620443605
364,359381.36638046405,0.005994842503189409,6.0,0.3333333333333333,0.23094010767585033
365,359381.36638046405,0.00046415888336127773,2.0,0.8303030303030304,0.18719327529067276
366,359381.36638046405,0.00046415888336127773,3.0,0.6727272727272727,0.24692786409046497
367,359381.36638046405,0.00046415888336127773,4.0,0.07272727272727272,0.019165319152535634
368,359381.36638046405,0.00046415888336127773,5.0,0.06666666666666667,0.0
369,359381.36638046405,0.00046415888336127773,6.0,0.06666666666666667,0.0
370,359381.36638046405,3.5938136638046256e-05,2.0,0.8303030303030302,0.16663911618021235
371,359381.36638046405,3.5938136638046256e-05,3.0,0.09696969696969697,0.043703651823805936
372,359381.36638046405,3.5938136638046256e-05,4.0,0.07272727272727272,0.019165319152535634
373,359381.36638046405,3.5938136638046256e-05,5.0,0.06666666666666667,0.0
374,359381.36638046405,3.5938136638046256e-05,6.0,0.06666666666666667,0.0
375,359381.36638046405,2.782559402207126e-06,2.0,0.30909090909090914,0.1484539238050411
376,359381.36638046405,2.782559402207126e-06,3.0,0.09696969696969697,0.043703651823805936
377,359381.36638046405,2.782559402207126e-06,4.0,0.07272727272727272,0.019165319152535634
378,359381.36638046405,2.782559402207126e-06,5.0,0.06666666666666667,0.0
379,359381.36638046405,2.782559402207126e-06,6.0,0.5878787878787878,0.05554637206007078
380,359381.36638046405,2.1544346900318822e-07,2.0,0.30909090909090914,0.1484539238050411
381,359381.36638046405,2.1544346900318822e-07,3.0,0.09696969696969697,0.043703651823805936
382,359381.36638046405,2.1544346900318822e-07,4.0,0.07272727272727272,0.019165319152535634
383,359381.36638046405,2.1544346900318822e-07,5.0,0.9575757575757577,0.042854956435548326
384,359381.36638046405,2.1544346900318822e-07,6.0,0.890909090909091,0.12151477367129347
385,359381.36638046405,1.6681005372000556e-08,2.0,0.30909090909090914,0.1484539238050411
386,359381.36638046405,1.6681005372000556e-08,3.0,0.09696969696969697,0.043703651823805936
387,359381.36638046405,1.6681005372000556e-08,4.0,0.9090909090909091,0.09958591954639384
388,359381.36638046405,1.6681005372000556e-08,5.0,0.9575757575757577,0.042854956435548326
389,359381.36638046405,1.6681005372000556e-08,6.0,0.890909090909091,0.12151477367129347
390,359381.36638046405,1.2915496650148826e-09,2.0,0.30909090909090914,0.1484539238050411
391,359381.36638046405,1.2915496650148826e-09,3.0,0.20606060606060606,0.05999693900976767
392,359381.36638046405,1.2915496650148826e-09,4.0,0.9090909090909091,0.09958591954639384
393,359381.36638046405,1.2915496650148826e-09,5.0,0.9575757575757577,0.042854956435548326
394,359381.36638046405,1.2915496650148826e-09,6.0,0.890909090909091,0.12151477367129347
395,359381.36638046405,1e-10,2.0,0.30909090909090914,0.1484539238050411
396,359381.36638046405,1e-10,3.0,0.9818181818181819,0.029690784761008216
397,359381.36638046405,1e-10,4.0,0.9090909090909091,0.09958591954639384
398,359381.36638046405,1e-10,5.0,0.9575757575757577,0.042854956435548326
399,359381.36638046405,1e-10,6.0,0.890909090909091,0.12151477367129347
400,59948425.03189421,1.0,2.0,0.8303030303030304,0.18719327529067276
401,59948425.03189421,1.0,3.0,0.6606060606060606,0.24029366789816978
402,59948425.03189421,1.0,4.0,0.4848484848484848,0.2622219109428356
403,59948425.03189421,1.0,5.0,0.37575757575757573,0.25627120620443605
404,59948425.03189421,1.0,6.0,0.3333333333333333,0.23094010767585033
405,59948425.03189421,0.0774263682681127,2.0,0.8303030303030304,0.18719327529067276
406,59948425.03189421,0.0774263682681127,3.0,0.6606060606060606,0.24029366789816978
407,59948425.03189421,0.0774263682681127,4.0,0.4848484848484848,0.2622219109428356
408,59948425.03189421,0.0774263682681127,5.0,0.37575757575757573,0.25627120620443605
409,59948425.03189421,0.0774263682681127,6.0,0.3333333333333333,0.23094010767585033
410,59948425.03189421,0.005994842503189409,2.0,0.8303030303030304,0.18719327529067276
411,59948425.03189421,0.005994842503189409,3.0,0.6606060606060606,0.24029366789816978
412,59948425.03189421,0.005994842503189409,4.0,0.4848484848484848,0.2622219109428356
413,59948425.03189421,0.005994842503189409,5.0,0.37575757575757573,0.25627120620443605
414,59948425.03189421,0.005994842503189409,6.0,0.3333333333333333,0.23094010767585033
415,59948425.03189421,0.00046415888336127773,2.0,0.8303030303030304,0.18719327529067276
416,59948425.03189421,0.00046415888336127773,3.0,0.6606060606060606,0.24029366789816978
417,59948425.03189421,0.00046415888336127773,4.0,0.496969696969697,0.2595468255195619
418,59948425.03189421,0.00046415888336127773,5.0,0.06666666666666667,0.0
419,59948425.03189421,0.00046415888336127773,6.0,0.06666666666666667,0.0
420,59948425.03189421,3.5938136638046256e-05,2.0,0.8303030303030304,0.18719327529067276
421,59948425.03189421,3.5938136638046256e-05,3.0,0.09696969696969697,0.043703651823805936
422,59948425.03189421,3.5938136638046256e-05,4.0,0.07272727272727272,0.019165319152535634
423,59948425.03189421,3.5938136638046256e-05,5.0,0.06666666666666667,0.0
424,59948425.03189421,3.5938136638046256e-05,6.0,0.06666666666666667,0.0
425,59948425.03189421,2.782559402207126e-06,2.0,0.8303030303030302,0.16663911618021235
426,59948425.03189421,2.782559402207126e-06,3.0,0.09696969696969697,0.043703651823805936
427,59948425.03189421,2.782559402207126e-06,4.0,0.07272727272727272,0.019165319152535634
428,59948425.03189421,2.782559402207126e-06,5.0,0.06666666666666667,0.0
429,59948425.03189421,2.782559402207126e-06,6.0,0.07272727272727272,0.019165319152535634
430,59948425.03189421,2.1544346900318822e-07,2.0,0.30909090909090914,0.1484539238050411
431,59948425.03189421,2.1544346900318822e-07,3.0,0.09696969696969697,0.043703651823805936
432,59948425.03189421,2.1544346900318822e-07,4.0,0.07272727272727272,0.019165319152535634
433,59948425.03189421,2.1544346900318822e-07,5.0,0.36363636363636365,0.052135304648743205
434,59948425.03189421,2.1544346900318822e-07,6.0,0.890909090909091,0.12151477367129347
435,59948425.03189421,1.6681005372000556e-08,2.0,0.30909090909090914,0.1484539238050411
436,59948425.03189421,1.6681005372000556e-08,3.0,0.09696969696969697,0.043703651823805936
437,59948425.03189421,1.6681005372000556e-08,4.0,0.15757575757575756,0.04285495643554833
438,59948425.03189421,1.6681005372000556e-08,5.0,0.9575757575757577,0.042854956435548326
439,59948425.03189421,1.6681005372000556e-08,6.0,0.890909090909091,0.12151477367129347
440,59948425.03189421,1.2915496650148826e-09,2.0,0.30909090909090914,0.1484539238050411
441,59948425.03189421,1.2915496650148826e-09,3.0,0.09696969696969697,0.043703651823805936
442,59948425.03189421,1.2915496650148826e-09,4.0,0.9090909090909091,0.09958591954639384
443,59948425.03189421,1.2915496650148826e-09,5.0,0.9575757575757577,0.042854956435548326
444,59948425.03189421,1.2915496650148826e-09,6.0,0.890909090909091,0.12151477367129347
445,59948425.03189421,1e-10,2.0,0.30909090909090914,0.1484539238050411
446,59948425.03189421,1e-10,3.0,0.8666666666666668,0.028426762180748053
447,59948425.03189421,1e-10,4.0,0.9090909090909091,0.09958591954639384
448,59948425.03189421,1e-10,5.0,0.9575757575757577,0.042854956435548326
449,59948425.03189421,1e-10,6.0,0.890909090909091,0.12151477367129347
450,10000000000.0,1.0,2.0,0.8303030303030304,0.18719327529067276
451,10000000000.0,1.0,3.0,0.6606060606060606,0.24029366789816978
452,10000000000.0,1.0,4.0,0.4848484848484848,0.2622219109428356
453,10000000000.0,1.0,5.0,0.37575757575757573,0.25627120620443605
454,10000000000.0,1.0,6.0,0.3333333333333333,0.23094010767585033
455,10000000000.0,0.0774263682681127,2.0,0.8303030303030304,0.18719327529067276
456,10000000000.0,0.0774263682681127,3.0,0.6606060606060606,0.24029366789816978
457,10000000000.0,0.0774263682681127,4.0,0.4848484848484848,0.2622219109428356
458,10000000000.0,0.0774263682681127,5.0,0.37575757575757573,0.25627120620443605
459,10000000000.0,0.0774263682681127,6.0,0.3333333333333333,0.23094010767585033
460,10000000000.0,0.005994842503189409,2.0,0.8303030303030304,0.18719327529067276
461,10000000000.0,0.005994842503189409,3.0,0.6606060606060606,0.24029366789816978
462,10000000000.0,0.005994842503189409,4.0,0.4848484848484848,0.2622219109428356
463,10000000000.0,0.005994842503189409,5.0,0.37575757575757573,0.25627120620443605
464,10000000000.0,0.005994842503189409,6.0,0.3333333333333333,0.23094010767585033
465,10000000000.0,0.00046415888336127773,2.0,0.8303030303030304,0.18719327529067276
466,10000000000.0,0.00046415888336127773,3.0,0.6606060606060606,0.24029366789816978
467,10000000000.0,0.00046415888336127773,4.0,0.4848484848484848,0.2622219109428356
468,10000000000.0,0.00046415888336127773,5.0,0.3878787878787879,0.24257571025684244
469,10000000000.0,0.00046415888336127773,6.0,0.0787878787878788,0.025712973861329
470,10000000000.0,3.5938136638046256e-05,2.0,0.8303030303030304,0.18719327529067276
471,10000000000.0,3.5938136638046256e-05,3.0,0.6606060606060606,0.24029366789816978
472,10000000000.0,3.5938136638046256e-05,4.0,0.07272727272727272,0.019165319152535634
473,10000000000.0,3.5938136638046256e-05,5.0,0.06666666666666667,0.0
474,10000000000.0,3.5938136638046256e-05,6.0,0.06666666666666667,0.0
475,10000000000.0,2.782559402207126e-06,2.0,0.8303030303030304,0.18719327529067276
476,10000000000.0,2.782559402207126e-06,3.0,0.09696969696969697,0.043703651823805936
477,10000000000.0,2.782559402207126e-06,4.0,0.07272727272727272,0.019165319152535634
478,10000000000.0,2.782559402207126e-06,5.0,0.06666666666666667,0.0
479,10000000000.0,2.782559402207126e-06,6.0,0.06666666666666667,0.0
480,10000000000.0,2.1544346900318822e-07,2.0,0.8303030303030302,0.16663911618021235
481,10000000000.0,2.1544346900318822e-07,3.0,0.09696969696969697,0.043703651823805936
482,10000000000.0,2.1544346900318822e-07,4.0,0.07272727272727272,0.019165319152535634
483,10000000000.0,2.1544346900318822e-07,5.0,0.06666666666666667,0.0
484,10000000000.0,2.1544346900318822e-07,6.0,0.890909090909091,0.12151477367129347
485,10000000000.0,1.6681005372000556e-08,2.0,0.30909090909090914,0.1484539238050411
486,10000000000.0,1.6681005372000556e-08,3.0,0.09696969696969697,0.043703651823805936
487,10000000000.0,1.6681005372000556e-08,4.0,0.07272727272727272,0.019165319152535634
488,10000000000.0,1.6681005372000556e-08,5.0,0.9575757575757577,0.042854956435548326
489,10000000000.0,1.6681005372000556e-08,6.0,0.890909090909091,0.12151477367129347
490,10000000000.0,1.2915496650148826e-09,2.0,0.30909090909090914,0.1484539238050411
491,10000000000.0,1.2915496650148826e-09,3.0,0.09696969696969697,0.043703651823805936
492,10000000000.0,1.2915496650148826e-09,4.0,0.9090909090909091,0.09958591954639384
493,10000000000.0,1.2915496650148826e-09,5.0,0.9575757575757577,0.042854956435548326
494,10000000000.0,1.2915496650148826e-09,6.0,0.890909090909091,0.12151477367129347
495,10000000000.0,1e-10,2.0,0.30909090909090914,0.1484539238050411
496,10000000000.0,1e-10,3.0,0.10909090909090909,0.04285495643554833
497,10000000000.0,1e-10,4.0,0.9090909090909091,0.09958591954639384
498,10000000000.0,1e-10,5.0,0.9575757575757577,0.042854956435548326
499,10000000000.0,1e-10,6.0,0.890909090909091,0.12151477367129347
